,Elect_div,CED_pop_total,CED_pop_total_females,CED_pop_total_males,CED_pop_85_plus_age_females,CED_pop_85_plus_age_males,CED_pop_80_84_age_females,CED_pop_80_84_age_males,CED_pop_75_79_age_females,CED_pop_75_79_age_males,CED_pop_70_74_age_females,CED_pop_70_74_age_males,CED_pop_65_69_age_females,CED_pop_65_69_age_males,CED_pop_60_64_age_females,CED_pop_60_64_age_males,CED_pop_55_59_age_females,CED_pop_55_59_age_males,CED_pop_50_54_age_females,CED_pop_50_54_age_males,CED_pop_45_49_age_females,CED_pop_45_49_age_males,CED_pop_40_44_age_females,CED_pop_40_44_age_males,CED_pop_35_39_age_females,CED_pop_35_39_age_males,CED_pop_30_34_age_females,CED_pop_30_34_age_males,CED_pop_25_29_age_females,CED_pop_25_29_age_males,CED_pop_20_24_age_females,CED_pop_20_24_age_males,CED_pop_15_19_age_females,CED_pop_15_19_age_males,CED_pop_10_14_age_females,CED_pop_10_14_age_males,CED_pop_5_9_age_females,CED_pop_5_9_age_males,CED_pop_0_4_age_females,CED_pop_0_4_age_males,CED_proj_pop_2016,CED_proj_pop_2021,CED_proj_pop_2026,CED_proj_pop_2031,CED_proj_pop_2036,CED_proj_pop_2041,CED_inc_1_149_wkly_females,CED_inc_1_149_wkly_males,CED_inc_150_299_wkly_females,CED_inc_150_299_wkly_males,CED_inc_300_399_wkly_females,CED_inc_300_399_wkly_males,CED_inc_400_499_wkly_females,CED_inc_400_499_wkly_males,CED_inc_500_649_wkly_females,CED_inc_500_649_wkly_males,CED_inc_650_799_wkly_females,CED_inc_650_799_wkly_males,CED_inc_800_999_wkly_females,CED_inc_800_999_wkly_males,CED_inc_1000_1249_wkly_females,CED_inc_1000_1249_wkly_males,CED_inc_1250_1499_wkly_females,CED_inc_1250_1499_wkly_males,CED_inc_1500_1749_wkly_females,CED_inc_1500_1749_wkly_males,CED_inc_1750_1999_wkly_females,CED_inc_1750_1999_wkly_males,CED_inc_2000_2999_wkly_females,CED_inc_2000_2999_wkly_males,CED_inc_3000_more_wkly_females,CED_inc_3000_more_wkly_males,CED_ind_arts_rec_emp_females,CED_ind_arts_rec_emp_males,CED_ind_health_emp_females,CED_ind_health_emp_males,CED_ind_rental_real_estate_emp_females,CED_ind_rental_real_estate_emp_males,CED_ind_finance_insur_emp_females,CED_ind_finance_insur_emp_males,CED_ind_logistics_emp_females,CED_ind_logistics_emp_males,CED_ind_sci_tech_emp_females,CED_ind_sci_tech_emp_males,CED_ind_media_tele_emp_females,CED_ind_media_tele_emp_males,CED_ind_pub_admin_safe_emp_females,CED_ind_pub_admin_safe_emp_males,CED_ind_mining_emp_females,CED_ind_mining_emp_males,CED_ind_retail_emp_females,CED_ind_retail_emp_males,CED_ind_agri_fish_emp_females,CED_ind_agri_fish_emp_males,CED_unemployed_total_2018,CED_unemployed_total_2016,CED_lf_2018,CED_lf_2016,CED_self_emp_total,CED_self_emp_male,CED_self_emp_female,CED_school_yr8_below_edu_females,CED_school_yr8_below_edu_males,CED_school_yr9_equiv_edu_females,CED_school_yr9_equiv_edu_males,CED_school_yr10_equiv_edu_females,CED_school_yr10_equiv_edu_males,CED_school_yr11_equiv_edu_females,CED_school_yr11_equiv_edu_males,CED_school_yr12_equiv_edu_females,CED_school_yr12_equiv_edu_males,CED_school_grad_dip_edu_females,CED_school_grad_dip_edu_males,CED_school_advanced_dip_edu_females,CED_school_advanced_dip_edu_males,CED_school_bachelors_edu_females,CED_school_bachelors_edu_males,CED_school_post_grad_tot_edu_females,CED_school_post_grad_tot_edu_males,CED_int_mig_ACT,CED_int_mig_NSW,CED_int_mig_NT,CED_int_mig_SA,CED_int_mig_VIC,CED_int_mig_TAS,CED_int_mig_WA,CED_int_mig_OVS,Age_Pension_2018,Carers_Allowance_2018,Disability_Support_Pension_2018,Low_Income_Card_2018,Newstart_Allowance_2018,Pensioner_Concession_Card_2018,Commonwealth_Rent_Assistance_2018,Commonwealth_Seniors_Health_Card_2018,Family_Tax_Benefit_A,Family_Tax_Benefit_B,CED_ten_owned_mortgage,CED_ten_owned_outright,CED_ten_rented,CED_dwell_flat_apt,CED_dwell_semi_detached,CED_dwell_sep_house,PartyNm,PartyAb,sitting_member,Elected_Party_2016,Elected_Party_2013,Elected_Party_2010,Elected_Party_2007,Elected_Party_2004,Unemployment_rate_2018,CED_participation_rate_2018,margins
1,Blair,171341.3067,86115.8884,85225.41832,1420.881919,894.1468167,1401.359282,1152.914229,2098.640306,1967.873439,2972.827837,2849.238141,3732.932731,3868.719977,4319.723298,4347.376062,5265.176667,5080.901107,5364.70429,5279.352993,5657.536861,5462.279709,5496.449141,5408.727113,5510.392999,5441.820594,6398.833063,6092.22725,6301.79474,5865.627309,5819.483018,5902.787459,5502.60574,5923.224651,5897.590085,6179.976942,6520.354359,6791.458015,6434.602061,6716.766514,167228.6709,201169.9916,264071.5674,326963.8235,380112.8601,442842.4709,3207.484786,1941.737281,5395.604469,4123.447291,6903.590056,5016.989182,7184.026844,4355.861724,6622.270425,3694.110451,6127.523846,4694.539218,5435.575617,6330.720031,4679.335965,6901.208665,2858.595694,4564.505364,2041.434401,3606.564492,1051.616766,2345.881142,971.2300885,2813.663839,296.0768752,1070.911616,367.0629307,365.9245744,7286.547742,1607.703047,627.6965937,457.0537122,1017.731217,439.9028103,834.840547,3399.348565,1395.942101,1489.998418,255.9510743,363.3733837,2562.131277,3810.398481,94.9167096,555.0810735,4132.074317,2946.103101,500.2501315,927.1400075,7902.307983,6866.747585,87800.22849,82510.46613,3322.517687,2013.547141,1290.853553,4127.494867,4023.222711,3536.984867,4081.106251,16563.57065,16634.89962,5026.062499,5380.334594,33445,29156,1068.508918,538.6666289,6305.541024,4178.160529,6488.056295,3858.00743,1193.836932,1014.103411,193.3589755,2845.822853,629.2029459,509.2196279,1044.135059,241.0807436,478.6853903,4061.678128,15033,5603,7922,2009,6656,33406,15504,1341,14981,12458,19448.48288,14375.00773,19710.32188,921.3220655,3731.787572,49984.55038,Australian Labor Party,ALP,Shayne NEUMANN,ALP,ALP,ALP,ALP,LP,9.000327356,72,ALP 8.0
22,Bonner,158645.6667,81141.18885,77504.47788,2071.343893,1126.199644,1682.02201,1265.366179,2226.112166,1847.768911,2870.146906,2590.689732,3485.486604,3258.622513,4008.172842,3698.909393,4771.257146,4586.330431,5318.783722,5115.605181,5973.687496,5547.063059,6015.965511,5702.876086,5750.256453,5335.995105,5813.387011,5345.169234,5235.554737,5275.338535,5582.885856,5608.959052,5070.501796,5221.998148,5040.086526,5270.618325,5196.956607,5433.44966,5028.581567,5273.518691,155430.975,164166.0955,170287.4711,177526.0669,188811.6798,201896.8963,3281.815249,2102.41997,4413.597437,3012.718151,5218.514064,3641.376387,5621.811506,3207.555922,5299.171951,3224.786447,5151.601745,3621.898505,5332.579632,4791.074129,5450.393581,5461.039662,3633.528516,4116.192034,3197.514985,4130.039927,1966.413093,3122.174545,2288.815235,5504.322013,944.9022512,3460.623744,529.8501463,586.4822719,7424.063178,2269.200607,762.9855916,752.4902935,1488.568685,1317.819843,1048.01442,3026.82673,2790.528272,3426.658041,427.601408,707.3335942,2558.872792,2371.3786,202.5609106,639.4047212,3805.271917,3112.90572,104.1823025,175.4916907,4047.23856,4228.305543,90158.23852,88360.45211,3647.493228,2096.414703,1567.205756,2920.523854,2210.100323,2104.525319,2077.654912,11643.67779,10233.8147,3728.776548,3940.138059,49027,45234,1917.007556,1082.490375,6656.46985,5178.813147,12701.54859,9802.692701,3353.57573,3481.577692,260.7720177,1952.40636,219.1910659,431.8306884,1016.539835,153.3094085,479.734104,9025.128827,13830,2941,3309,1920,3182,21616,7100,2826,7388,5767,19576.63574,16186.5106,14497.31089,3400.431878,6284.916814,41872.72932,Liberal National Party,LNP,Ross VASTA,LNP,LNP,LNQ,ALP,LP,4.489039079,84,LNP 3.4
42,Bowman,154617,78443,76174,2090,1282,1708,1454,2527,2296,3622,3467,4583,4273,4940,4600,5602,5294,5507,5164,5765,5232,5216,4946,4596,4327,4621,4318,4171,4173,4415,4699,4946,5461,4996,5381,4933,5213,4205,4594,151987,161028,170994,179241,185631,192433,3292,1934,4790,3129,6211,4436,6610,3756,6089,3445,5767,3999,5530,5170,4917,6002,3104,4293,2448,4055,1285,2696,1381,4340,597,2505,465,462,7408,1470,753,577,1136,745,1014,3117,1925,2174,342,551,2055,2025,126,676,4185,3044,224,347,4207,4430,85811,83948,3881,2367,1514,2693,2440,2865,2919,16116,15002,4693,5082,30939,27717,1315,718,7277,5059,7942,5440,1550,1560,233,1521,197,308,1093,231,495,4276,18166,4093,4272,1527,3762,28419,8084,2724,8479,6628,20843,16700,12853,2372,4927,44554,Liberal National Party,LNP,Andrew LAMING,LNP,LNP,LNQ,LP,LP,4.90263486,85,LNP 7.1
54,Brisbane,174611.4347,86995.1296,87616.30509,1621.094285,721.4798119,1055.462571,804.0202194,1429.559425,1307.435036,2106.253583,2173.655141,2880.452661,2873.238321,3456.301548,3615.529965,4314.940085,4446.876538,4763.981302,5149.479293,5734.895779,5887.956784,5701.786074,6172.863775,6583.682315,7169.369563,9136.622323,9896.391351,11689.72474,11777.90395,10368.67916,9617.404463,4672.833641,4186.368619,3491.540555,3559.164134,3848.341089,3969.025132,4138.978463,4288.142997,168990.8074,188062.3712,205447.4297,219822.7263,234352.9199,249829.4369,2584.974606,1762.094824,3699.909507,2963.386849,3929.287985,3029.280036,4682.510947,3610.968754,4850.509613,3656.33452,4833.861245,3718.187148,5454.541587,4976.152859,6306.764479,6000.1215,4859.350768,4651.155411,4505.158504,4521.990788,2828.996427,3512.767392,4483.972207,6913.342329,2701.542978,7754.291924,928.7921003,1047.045301,8050.656602,3692.354965,1221.466495,1430.713819,1967.319212,2334.60506,1148.818596,2460.223712,5402.662372,7307.612808,749.3178299,1071.338301,3148.882756,3641.706324,531.5178725,1147.797597,3658.415521,3138.18054,144.4585481,177.9839547,4433.61605,4198.794124,110180.4347,107585.5268,4179.702773,2276.004438,1879.774917,1498.784386,1253.222076,1195.694176,1379.199008,6954.673089,6447.735836,3076.734803,3371.757489,60180,59152,2971.422395,1844.720697,6373.681387,5712.825882,20210.85128,18171.38296,6166.81975,6642.547558,536.849971,2839.950137,377.5615794,580.2865406,2197.544605,268.7712437,773.9479121,20192.10363,7331,1365,4115,2785,3914,14520,9819,2210,3710,3110,16303.16443,12591.45441,31785.04946,32223.50695,4236.646335,25658.55591,Liberal National Party,LNP,Trevor EVANS,LNP,LNP,LNQ,ALP,ALP,4.023959481,77,LNP 6.0
79,Capricornia,154882.7972,75723.90359,79158.89362,1471.148917,971.1333086,1503.206403,1207.785158,2087.874369,1848.664443,2706.785547,2800.990835,3477.369604,3713.397095,4108.239523,4505.773395,4944.423847,5361.073141,4996.551124,5324.428357,5199.988544,5387.415366,4721.085516,5088.887978,4831.199487,5248.950468,5295.23238,5579.467175,5172.675787,5369.839427,4572.475259,4880.474538,4889.659666,5217.02309,5090.182825,5418.137377,5490.317556,5736.760918,5165.487234,5498.691554,155697.8758,159983.5537,167996.3809,178891.8304,190001.4856,200949.3325,3007.666094,1896.060286,4685.938042,3460.160966,5796.231522,4166.047082,6083.922695,3640.154246,5587.450089,3081.739235,5141.267718,3489.722274,4557.668375,4451.713013,4012.439164,5216.004784,2613.598387,3843.514924,1995.759247,3670.43389,1133.99154,3078.220441,1314.257547,6097.139017,611.3980468,2973.901779,283.4415088,261.9001864,6152.685601,1389.938851,515.825104,419.5408258,518.2941854,273.324005,890.5499468,2857.596153,1190.624312,1047.530959,171.1515566,223.6254368,1770.813417,1973.810384,1144.03115,7317.233185,4095.05821,2178.328726,1039.610268,2236.404031,4289.818958,5298.426543,83092.5575,82983.51732,2988.631761,1768.308245,1204.775698,3626.557728,4299.123,3139.499574,3930.351831,16412.32484,18503.89139,4814.036122,5705.056283,26596,24238,986.219034,530.9793504,4318.853296,2814.858515,6599.444382,3534.090952,924.8616934,950.4419716,77.8354188,3949.79168,299.983136,366.156101,869.9313288,216,498.5672536,2968.324105,14264,3631,4647,1305,5437,25818,9074,1977,8599,7080,17378.90467,15355.20476,17387.04428,2360.149399,2923.101533,45864.5965,Liberal National Party,LNP,Michelle LANDRY,LNP,LNP,ALP,ALP,ALP,5.162699389,82,LNP 0.6
103,Dawson,157232.6983,76704.96747,80527.73086,1443.999724,905.5361922,1501.547488,1188.03802,1990.600444,1954.025227,2760.086689,2970.821039,3522.655631,3846.395586,4342.472937,4695.93765,5145.13224,5481.063421,5305.659026,5500.594847,5517.597408,5551.496797,5059.848037,5276.473607,4926.767822,4973.04272,5352.495453,5505.627879,5427.962058,5847.729915,4847.116448,5876.004308,4662.528123,5187.383509,5002.310206,5241.12037,5142.063164,5442.408109,4754.124577,5084.031667,157650.5176,165229.0492,176591.8505,188283.8052,200791.6367,213295.0749,2990.747585,1811.640304,4555.38308,3284.747467,5803.240821,3995.431132,6041.647894,3621.432102,6260.659701,3379.581863,5860.194403,3913.493178,5158.753824,5449.843823,4340.677718,6052.539504,2632.79285,4465.213989,2170.622738,4048.051754,1085.592591,3016.821384,1157.950037,5203.914225,569.0850567,2552.253547,352.1418383,284.1142911,6390.430387,1310.758146,645.902356,486.2895397,705.5337165,287.2692891,972.2633053,3006.567371,1558.532176,1359.421264,237.8909928,228.9598961,1894.362172,3097.787941,703.7106435,5020.68578,4579.646006,2463.824322,993.8081976,2702.519465,4024.807419,6371.826506,89541.96926,82580.38953,3324.164893,1840.950154,1474.706096,3561.044601,3763.537995,3385.434304,3824.418346,16588.67828,17495.99662,5343.065658,5860.698208,30219,26591,1006.72244,487.2204893,5055.54421,3478.551793,7154.084348,3939.625124,1035.666522,955.0352902,246.9048107,4107.531091,527.7760331,570.1927734,1746.848177,379.8586059,959.1426627,4629.543176,14405,3679,4415,1187,5529,26187,9664,2458,9226,7600,17985.34574,15462.25433,18218.7105,3514.306495,4459.651434,44559.9999,Liberal National Party,LNP,George CHRISTENSEN,LNP,LNP,LNQ,ALP,NP,4.494883743,84,LNP 3.4
127,Dickson,159703.4242,80305.2697,79398.15455,1083.526932,623.7421137,970.7480024,769.5526774,1608.423494,1624.559646,2757.213935,2853.820776,3811.673568,3460.948747,4075.010535,3866.557804,4944.632914,4755.460598,5314.774017,5170.348032,6262.758349,5953.317063,6063.210531,5677.836697,5613.360267,5395.520928,5487.756387,5129.273268,5064.93685,4979.101661,5065.802793,5375.258758,5232.590773,5563.157805,5638.643577,5983.787003,5938.464911,6376.05651,5371.74186,5839.854463,156704.3164,167100.5615,180124.8748,192980.5685,201499.1175,207731.6482,3514.76558,2076.591979,4700.514393,2862.054039,5078.972764,3347.675035,5338.450909,2926.609344,5505.962211,3158.10128,5584.237322,3967.627279,5619.311179,5277.861901,5308.483644,6223.055778,3443.439289,4870.219843,2974.184176,4465.311571,1579.353496,3077.289227,1834.36709,5042.889283,670.7052999,2726.676622,605.1229934,557.1692539,8107.89494,2002.462461,663.8313014,549.2509699,1469.372353,1038.622456,1051.148163,3133.560542,2497.407371,2918.227692,361.3413907,656.0189082,2803.923784,3831.678804,150.1710102,641.9442206,4364.408209,3384.091319,127.0920162,209.8684865,3703.988456,3501.387906,75413.60331,72969.15654,3950.893225,2302.069621,1648.476959,2123.229425,1909.86032,2180.496538,2372.529608,13323.25458,12573.58591,4435.024728,4811.221601,41353,37545,1738.38474,976.541818,7147.369509,5615.275932,9960.725312,6850.703383,1937.537086,2056.125242,283.9525647,1507.203746,368.9502809,354.0139814,1073.64476,257.5430021,511.4042707,4270.52291,12018,3541,3200,1597,3376,20511,6783,2099,8701,6821,23388.92557,14115.48544,11930.65312,894.995788,5175.995746,44431.1727,Liberal National Party,LNP,Peter DUTTON,LNP,LNP,LNQ,LP,LP,4.911565411,69,LNP 2.0
141,Fadden,175396.5509,90014.40004,85382.15091,1907.049224,1209.865365,1697.733568,1423.633478,2580.265654,2481.884655,3935.290439,3758.134241,4679.314397,4223.40045,4907.492236,4286.32254,5506.419464,5026.901029,5871.718528,5386.633733,6487.078596,5891.937654,6200.0868,5614.455466,5863.421212,5476.644845,6075.752513,5627.745382,6084.706055,5868.737966,6144.985232,6044.096144,5355.215157,5618.417548,5258.859602,5659.030388,5722.556378,5966.339619,5736.454989,5817.970407,169248.8181,202628.5948,234868.7688,270272.7943,304484.9913,338989.9681,3114.04454,1934.599598,5276.210528,3397.862744,6576.147752,4697.146639,6950.441642,4023.001759,7017.051546,3903.602761,6595.15056,4603.467625,5947.467923,5942.533864,5131.906737,6686.224741,3004.024685,4502.706428,2274.31252,3852.6962,1286.478952,2546.6333,1464.541392,3915.901856,792.5174041,2394.230465,1046.219033,1069.738047,7326.309958,1879.63417,1119.216655,1009.025554,1078.236887,814.2289582,778.3925344,2355.377473,2145.216158,2137.988008,455.4298989,639.2309863,1441.083497,1722.7213,80.7396769,491.0687675,4926.385484,3721.94665,143.2098932,250.7433014,4657.211482,4959.152013,97830.99932,93411.25575,4942.538048,3031.140618,1909.149707,2271.851866,1975.579392,3345.983981,3452.218252,15911.04322,14558.54435,6012.060087,6011.917205,42711,37705,1092.674427,588.8425725,8214.026538,5109.843645,8661.433641,5871.843152,1969.126171,1900.943239,426.9677973,3063.265261,324.952236,666.1792106,2507.442956,551.8471529,800.7903041,9398.140518,18766,4825,4578,2453,5653,31349,16274,2533,13298,10659,19356.64232,14640.56541,21406.44247,6947.283807,13517.44165,35968.12855,Liberal National Party,LNP,Stuart ROBERT,LNP,LNP,LNQ,LP,LP,4.760466022,79,LNP 11.2
157,Fairfax,156267.077,80746.77638,75520.30063,2303.3056,1450.157086,1977.732322,1675.205955,2788.268888,2566.376386,3921.295831,3660.143279,4755.508691,4530.67249,5084.481682,4645.28265,5601.372979,4943.474889,5722.56629,4902.751864,5950.700505,5313.834513,5376.194091,4839.631424,4808.447392,4516.69914,4768.409797,4443.032936,4380.761964,4242.980769,4315.757427,4302.25527,4736.938196,4544.863171,4850.976879,5188.055062,5031.998452,5205.962075,4372.059396,4548.921669,152091.2522,171749.9682,184906.9965,192919.3033,198760.2264,204211.0691,3181.664743,1830.72613,5149.120091,3375.242031,6536.217712,4641.91574,7454.968858,4391.847412,7017.006087,4056.636371,6161.766454,4616.801124,5151.421124,5431.687552,4258.076915,5682.984927,2564.9435,3901.173687,2140.965404,3249.544809,1122.300344,2229.382349,1201.673598,3141.525507,619.8529792,2029.968956,581.4430572,574.6197019,7977.608413,2417.006768,792.3881135,706.6852196,923.4712278,866.0780501,474.2370581,1722.683313,1907.658403,1967.249104,345.9393911,460.2849792,1208.076339,1490.23628,79.4342498,829.6645548,4186.120584,2909.354544,354.8587002,606.2670292,4569.937106,3792.290299,78292.22531,75802.5574,5592.729231,3291.550715,2300.975563,2343.382752,2235.235012,3038.641463,3158.527324,15921.29445,14342.37166,5714.730874,5475.503649,36331,31007,1619.248211,844.2688359,7604.720661,4935.055763,9509.286219,6023.091597,1831.158579,1663.866965,329.4210569,2207.44284,479.3322774,610.2947567,2435.921264,447.7857168,936.3186753,5562.486709,20082,3991,5061,2209,5109,32186,11619,3480,10602,8137,18623.23321,17183.06374,16220.62777,6221.730255,7350.283791,39751.26426,Liberal National Party,LNP,Ted O'BRIEN,LNP,PUP,LNQ,LP,LP,5.837025436,74,LNP 11.0
170,Fisher,154107.1658,79389.75352,74717.41229,2573.921036,1637.023609,2128.202581,1975.797859,3157.856662,2822.29357,4381.915464,4050.704305,4962.7983,4561.795294,5118.484567,4300.604737,5428.45238,4913.675124,5338.757535,4692.276414,5482.088864,5150.088864,5124.719336,4812.062249,4483.727914,4296.584135,4507.689714,3994.581128,4116.619328,4018.390572,4138.554954,4258.7983,4741.525773,5019.61075,4914.018478,5061.124057,4773.311608,5064.836499,4017.109026,4087.164822,150543.2066,179071.1229,209549.1972,243638.9393,279160.7397,313759.2002,3157.654521,1920.064815,5405.255812,3514.736492,7234.66354,5356.496152,7652.528779,4513.334776,7116.176847,4243.686708,5892.261824,4363.777697,4859.311608,5282.343795,4053.868686,5489.695727,2380.824475,3696.355379,1959.454946,3226.056237,1059.044212,2060.015031,1083.484127,3258.727914,582.8652396,2040.98585,632.5309042,592.2493586,7143.505611,1804.472543,798.75966,650.7772566,909.2699614,838.7450696,481.5630912,1702.202581,1658.575116,1686.997434,233.791847,359.1085858,1237.53391,1538.360951,98.1231762,891.7948532,4143.90388,2904.666105,487.439915,854.703864,4539.457952,3743.839065,78306.17672,75915.21448,5111.716329,3037.877264,2078.786275,2882.709876,2740.762666,3368.402156,3345.349366,17040.85241,15235.03094,5595.821909,5217.118045,34573,30293,1401.906445,722.9708192,7119.203462,4726.103455,8397.330085,5495.657968,1535.786275,1458.927048,317.8446368,1589.082411,423.8974266,483.8300464,1883.856662,437.0733926,759.0588022,5103.707751,20323,4276,4494,2107,4588,31441,10916,3397,9337,7196,17144.13183,18706.21937,15923.19833,6701.079846,6187.470418,40038.46881,Liberal National Party,LNP,Andrew WALLACE,LNP,LNP,LNQ,LP,LP,5.797062432,77,LNP 9.2
186,Flynn,158387.4832,77098.10103,81289.38219,1037.346709,747.8974885,1028.772282,1086.405652,1822.545985,1904.5485,2583.756122,3075.431688,3494.198186,3980.634547,4119.920941,4819.19949,5113.992848,5718.899452,5359.177988,5667.5874,5449.857165,5728.807676,5159.128871,5286.132462,4997.458305,5154.946715,5642.022609,5400.311302,5156.402281,5044.137007,4310.774893,4489.813076,4602.862932,5065.584386,5440.787863,5940.751851,6088.244743,6225.050908,5690.850315,5953.242594,159188.986,161423.1857,166783.6187,173677.5109,180141.9331,186234.6671,3202.93661,1867.320395,5288.789143,3924.971471,6018.31892,4601.117647,5849.475869,3899.858915,5481.860492,3025.31889,5022.796866,3329.378335,4130.881255,4082.847719,3571.926082,4757.382188,2234.368662,3743.786554,1675.365756,3501.902681,915.3484765,3277.493089,1121.453989,6860.156924,573.082842,3623.18467,217.478435,160.913889,4978.292656,793.8793905,553.6969395,418.4261225,473.4239235,128.328776,1072.674229,3010.475247,1151.041698,1396.329647,127.4841965,133.955217,1455.629881,1694.627169,817.104991,5575.201366,4001.016605,1947.674016,2291.628533,4554.725554,5612.533876,5438.987224,81648.58505,84776.53689,3654.258104,2184.168417,1480.314522,3487.067064,4699.182709,3281.273528,4605.183265,16639.57361,19761.54694,5369.185891,6058.051789,27157,24709,848.190266,405.0186,4461.918314,2935.686987,5979.3722,3044.082283,691.594805,631.0622845,72.99142,3815.002051,660.999143,501.1868475,1110.289881,321.5230625,974.040471,4023.134574,13944,4395,5454,1260,6927,28145,9447,1879,10248,8497,17672.88276,15486.41914,18378.55004,2314.681717,1679.968924,47840.48181,Liberal National Party,LNP,Ken O'DOWD,LNP,LNP,LNQ,ALP,Electorate not established in 2004,6.874012418,79,LNP 1.0
213,Forde,176169.7167,89377.84189,86791.87484,1368.295758,745.8857021,1298.502332,1056.273047,1954.026607,1820.743012,3041.341106,2946.403016,3977.237336,3760.936392,4347.717011,3947.580633,5020.214856,4605.601098,5227.382696,4966.520211,5970.838133,5638.394703,6025.093038,5983.653262,6246.756266,5972.465231,6657.485871,6273.123152,6566.002018,6214.714827,6001.994989,6369.861505,5950.53845,6030.958936,6044.756268,6306.482387,6847.228466,7188.539128,6832.430684,6963.738601,171127.7426,191311.2329,210225.2327,230984.3011,254771.8907,273312.6057,3212.68191,1855.624854,5219.766996,3509.819395,6635.917903,4587.356733,6902.854577,3933.077473,6684.544566,3644.288793,6820.994872,5028.103514,5889.373277,6687.890516,5130.809728,7257.024373,2826.375411,4900.285374,1991.064376,3852.08684,1043.841471,2414.952831,964.2053489,3142.180648,397.7114127,1237.385921,676.7109147,600.5674476,7015.410486,1419.430411,814.3696253,638.2843209,1075.857627,598.1945946,1020.938953,3419.865865,1726.533645,1724.875927,328.1663001,463.5172389,1821.684957,1821.937875,102.7552829,453.9356371,4786.614611,3259.034141,205.7109406,326.8043184,5122.58349,4373.534654,91164.05462,78870.74666,4311.345206,2802.593603,1514.8067,2918.068301,2729.394124,3551.670442,3874.664225,16005.79623,15662.90633,5833.340204,5856.307146,38635,33877,1013.952237,479.4830371,7105.72765,4257.567328,6809.235566,4103.193021,1208.860555,1021.449343,233.8687605,1613.270391,264.1702168,482.3515718,1432.972511,316.3866973,665.2455547,6772.35798,15843,5238,5882,1935,5851,30824,15753,1177,15023,12081,20950.38031,12213.78629,18894.2744,1579.12385,5902.441283,45732.67624,Liberal National Party,LNP,Bert van MANEN,LNP,LNP,LNQ,ALP,LP,5.619082556,76,LNP 0.7
232,Griffith,162849.4155,82277.95158,80571.46396,1701.709126,790.6132526,1143.825161,890.1985209,1436.169571,1294.383631,2053.934449,1821.664754,2641.871531,2614.482514,3488.771898,3162.006904,4173.221057,4056.704186,4699.654463,4604.092735,5665.580203,5496.6712,5902.023299,5972.984074,6666.938757,6692.578307,8492.185746,8610.924615,9493.557308,9337.611054,7941.903055,7564.091576,4201.939617,4336.130026,3798.102597,4185.02104,4168.111033,4344.784273,4608.452711,4796.5213,157891.215,180157.3871,198117.3954,215618.222,231860.7071,246697.0252,2555.150716,1724.10173,3680.444852,2932.280526,4121.743639,3246.934457,4886.446813,3267.876037,4736.989538,3218.625292,4610.166085,3474.972028,5201.606296,4623.812917,5940.10338,5506.784064,4691.774605,4294.585879,4187.471248,4249.152148,2712.392413,3369.090857,3867.863036,6355.623899,1965.847159,5702.57525,768.1304358,958.9883969,8230.242753,3139.317923,951.2864901,1100.917575,1815.775498,1939.441174,900.0854349,2254.993449,4377.493615,5558.709413,641.4093158,894.6957078,3044.234573,2725.979443,443.6189245,936.9377312,3345.711004,2855.980525,83.3264615,172.3980857,4506.311778,4475.089948,101382.2132,99147.31182,3922.711662,2235.068302,1703.194414,2024.770016,1504.429927,1313.731975,1402.697248,7553.856498,6803.458546,2974.951189,3332.324257,52473,49720,2725.685801,1629.326284,6332.996949,5280.807582,17740.48746,14733.94292,5632.772687,5340.86899,420.0506449,1731.537044,242.5336037,534.9328663,1655.006356,220.2031123,733.3582429,14861.75021,8794,1799,3705,2753,3696,16111,8246,2095,5025,4131,16889.47894,12022.85545,26405.44288,21071.9805,6584.045007,28786.45383,Australian Labor Party,ALP,Terri BUTLER,ALP,ALP,ALP,ALP,ALP,4.444874141,78,ALP 1.4
254,Groom,153919.0623,78916.10158,75002.96068,2354.453681,1315.453026,2036.267596,1469.744296,2554.272432,2146.462347,3478.723545,3200.079395,4041.201554,3628.089719,4368.178884,4121.035667,4916.769988,4530.231578,4791.158079,4301.828122,5168.957635,4733.783388,4778.328848,4427.311825,4575.984436,4309.504258,4944.271221,4891.242759,5118.496601,5319.822376,4975.348596,5298.6846,5157.79875,5277.061558,5227.541082,5321.949627,5489.388499,5443.766765,4938.960156,5266.909375,152546.8585,158669.8097,166530.9245,175019.1688,183260.553,191191.2017,3043.937083,1936.600776,4733.446732,3337.331672,6253.104384,4488.395603,6843.74531,3948.644305,6470.391166,3713.872201,5948.980705,4521.32628,5027.072087,5522.127752,4475.963025,5877.08166,2696.614528,3940.665408,2262.546421,3523.553474,1241.153493,2365.817189,1230.412774,3243.722232,538.7529085,1570.776585,334.239786,295.5610797,7809.801673,2160.235656,530.3526273,467.6764894,1110.099441,737.9610094,573.7251014,2231.042919,1556.049922,1472.452068,164.3692509,307.3129819,1780.762482,2702.845602,118.205884,996.9715407,3687.779508,2727.709787,1033.854064,2184.069767,3993.407943,2995.071988,78891.88132,74201.10222,3463.286336,2139.023174,1326.133697,3870.010633,3726.114862,2945.256815,3319.486327,15602.79805,14807.43339,4376.373182,4199.571154,30186,25915,1347.131429,695.1189362,5715.091936,3822.721628,8586.675735,5480.897789,1788.007053,1860.127903,174.4987158,1451.375229,421.6767927,356.5946302,710.0936493,181.943731,366.9187956,4578.001964,16670,3842,5661,1979,4552,29438,11676,2741,10758,8576,17579.98494,16933.98929,17326.85356,2597.180949,6415.423958,44273.01322,Liberal National Party,LNP,John McVEIGH,LNP,LNP,LNQ,LP,LP,5.061874399,81,LNP 15.3
271,Herbert,165321.8106,83290.20545,82031.60511,1186.757706,714.533923,1224.958806,947.6404363,1885.880454,1617.127966,2595.796767,2510.716772,3365.691063,3466.28983,4070.034353,3950.735394,4947.524083,4806.38036,5072.582092,4860.070993,5574.168575,5341.95365,5441.24751,5259.04874,5680.811316,5180.240999,6258.374736,6117.264777,6617.582364,6579.961674,7078.477379,7079.987775,5613.398292,5891.94272,5317.200764,5492.10022,5773.493168,5975.959337,5586.226027,6239.649542,164671.4912,173360.5939,185203.5292,198828.0301,211676.5887,224814.2234,3282.795564,2237.404021,5470.828466,4326.153216,5696.184427,4136.817989,6197.914897,3748.786841,6230.368374,3473.551466,5836.098866,4127.848243,5590.599699,5431.500368,5175.878619,6328.145382,3475.368745,5076.274201,2776.520238,4177.253894,1473.715282,2765.609895,1447.097993,3903.651827,521.5845225,1672.62039,453.242767,503.169591,8710.991082,2196.432386,675.7596516,492.8132972,702.4504537,371.2914746,757.3835323,2747.326558,1559.908428,1597.54261,341.3790341,593.8942421,3508.184405,5768.91549,157.6110991,1578.086991,4388.669426,2871.848229,136.4723327,330.1931444,8289.080316,7995.325322,84737.20916,78019.04017,2994.171966,1739.909041,1259.999647,2921.533915,3016.064644,2988.676688,3339.85376,15420.30476,14829.33392,5456.078552,5817.080492,36978,33001,1340.558936,602.1793803,5824.083866,4118.761526,9293.959887,5144.73077,1769.923386,1557.392276,440.870622,3526.851647,1196.942549,753.7473766,2453.991124,471.0379364,946.6279771,4770.172636,12554,4251,5252,2394,7227,26876,13056,1571,12048,10226,19392.75939,12291.59318,23042.83893,4514.713603,6521.506727,45047.50726,Australian Labor Party,ALP,Cathy O'TOOLE,ALP,LNP,LNQ,LP,LP,9.7821021,74,ALP 0.02
295,Hinkler,146624.7835,75214.07596,71410.70757,2313.223339,1602.003518,2367.169335,2129.513864,3607.361151,3451.680972,5085.658017,5151.376631,5720.033623,5515.216124,5460.471784,4977.151976,5449.840518,4767.586078,4767.551745,4354.336199,4774.167845,4170.613853,4173.882411,3868.117884,3815.650927,3387.902325,3740.168345,3331.145619,3818.36821,3491.450737,3403.950995,3604.176396,4153.88666,4389.689782,4445.773601,4721.567397,4349.57622,4604.673913,3767.341234,3892.504308,145437.7779,154271.2614,164041.4471,173630.6566,182221.784,190386.0864,2666.973992,2053.258705,5998.329143,5073.063869,9373.378849,7769.714063,8456.318284,5819.077269,6874.862186,4439.454065,5341.488875,4327.913921,4027.180198,4676.33214,3289.291003,4518.479533,1732.554767,2568.516661,1538.549716,2153.642345,776.0461859,1337.620651,709.9626398,1697.719076,351.9283198,1013.083289,218.3594084,214.0989414,6764.203659,2042.13982,495.3707717,374.6953575,500.0479506,234.551738,355.9197398,1371.075714,909.407875,821.8200389,169.038868,245.0068153,1045.574967,1578.496472,50.8356911,824.5429145,3562.982844,2563.769796,801.6579705,1787.882083,6031.842486,5557.968946,60775.3343,59974.38603,3007.450547,1859.753166,1146.015654,4813.042377,5025.342514,4675.799097,4862.187042,19741.88675,17889.02433,5345.039391,5118.854133,23265,19742,954.3523496,466.6203914,5033.752911,3222.455841,5920.985847,3127.635273,816.0101012,782.4177171,177.6564895,2594.431634,562.9275737,460.5355966,1693.908406,354.6855288,702.9293384,2838.551687,27860,7672,8263,2140,7786,47748,16068,2569,11358,9160,14659.99347,21163.11991,16689.36923,2580.673855,4697.185899,46212.67332,Liberal National Party,LNP,Keith PITT,LNP,LNP,LNQ,NP,NP,9.924819922,70,LNP 8.4
312,Kennedy,168744.9213,82720.76323,86024.15808,1605.162023,1197.148792,1585.911566,1595.367706,2501.495949,2637.478063,3433.717531,3882.053335,4273.743155,4880.792923,5040.817331,5382.539725,5709.308043,5944.443665,5549.862357,5560.747731,5707.483601,5570.44193,5136.750321,5062.464733,4948.302355,4762.231383,5120.576741,5252.430319,5343.665513,5507.957827,4483.491565,4960.001761,5001.765078,5451.119742,5788.947326,6169.161383,5918.197484,6255.341265,5571.565289,5952.435793,168477.6331,172765.7346,183074.9965,196197.7672,210392.8127,225492.1259,3032.925818,1973.446165,5520.350788,4708.073845,7113.009417,5555.649772,7030.998354,4882.290073,6576.676189,4178.450093,5917.572905,4985.923225,4952.503378,5725.111118,4135.925974,5629.028317,2472.326114,3839.40794,1932.383869,3265.828965,1115.549745,2371.973488,1108.256621,4076.632801,486.435432,1503.884488,327.4116919,369.8715795,6335.724305,1326.487707,462.3029064,308.1813523,565.2666834,211.0102403,778.2362796,2171.591577,1145.301835,795.5291215,195.3334375,199.310443,2183.255192,3055.010048,658.5421162,4109.18581,4104.04402,2377.682505,2712.260464,5927.293723,6261.012739,7545.875131,77584.6288,76353.58697,4067.10651,2581.425774,1483.829172,4655.4161,5725.245878,3883.540787,4967.282135,18478.99348,19991.25276,5955.666788,6475.378511,34816,30574,953.3137509,381.858586,5194.96081,3057.578449,6332.928365,3265.767628,911.9431628,734.2209185,92.3891485,4194.089384,1088.490237,486.616978,1155.281715,227.1034577,755.4766456,3376.563205,17758,4037,5727,1131,8356,32700,10223,2707,12059,9806,16344.48484,19361.85557,18850.20945,2697.303979,2135.248535,50160.52146,Katter's Australian Party,KAP,Bob KATTER,KAP,KAP,IND,IND,IND,8.069913894,73,KAP held LNP 6.7 v ALP
342,Leichhardt,175479,88365,87114,1217,707,1145,1015,1677,1829,2817,3123,3922,4303,4932,5011,5853,5752,6142,5964,6588,6271,6474,6065,6289,5627,6534,5931,6513,6036,5450,5344,5138,5534,5865,5955,6058,6510,5751,6137,173753,185648,196464,207047,216643,224843,2768,2033,5420,4887,5750,4472,6300,4403,6745,4146,6289,4890,5941,6138,5128,6008,3177,3996,2696,3500,1522,2439,1653,3541,625,1927,710,853,7985,2570,822,628,614,363,1338,3287,1651,1584,220,355,2753,3734,339,1532,4328,2974,425,767,6319,8108,87066,84138,4505,2698,1818,3020,3145,3153,3685,15106,15913,6901,7018,37588,33489,1524,732,6941,4963,9640,5916,2018,1564,274,4392,1603,1081,2869,437,1568,7772,14256,3618,5727,1654,9790,29318,13349,1807,14582,12082,17190,13291,25094,10024,6287,40433,Liberal National Party,LNP,Warren ENTSCH,LNP,LNP,LNQ,ALP,LP,7.25771254,71,LNP 4.0
369,Lilley,158774.3716,80976.30257,77798.06907,2637.332327,1348.494511,1959.032111,1297.6359,2381.079108,1857.210745,2837.143362,2400.035806,3378.524433,3120.313353,3875.584548,3605.50007,4698.988231,4386.58448,4796.810712,4653.24058,5546.515733,5389.612824,5781.743666,5516.077846,5781.406879,6044.258278,6967.58795,6963.913457,6822.133871,6656.062111,5621.788516,5698.535443,4067.425556,4184.088142,4191.131949,4386.378687,4560.434144,4916.299658,5071.639479,5373.827181,155959.4586,165190.6245,170749.7616,174804.4209,182861.1983,191621.0935,2844.731356,1867.071704,4231.642323,3033.734319,5088.509503,3730.867807,6070.889015,3779.768013,5735.305457,3539.954812,5309.75915,4191.296379,5685.007309,5351.218296,5839.252531,5955.471654,4242.367082,4554.338134,3561.23776,4254.57836,2019.226799,3077.653033,2473.417987,5236.210155,780.1703234,2769.64868,643.0128376,749.868154,8257.558728,2590.271413,742.4714221,686.1630001,1474.629453,1238.379785,1637.895822,3699.067692,2835.433253,3505.215719,493.2649819,729.7886916,3288.816741,3387.451054,211.7996661,615.5714922,3587.755595,3045.242271,79.7437328,132.5856061,4849.886907,4493.324639,92878.27373,86755.58377,3451.196875,2052.648909,1375.495162,3269.360119,2384.662827,1962.263375,2093.511836,11896.61505,10288.86642,3570.258977,3957.476379,44368,41289,1952.440981,1165.668995,6828.218276,5413.988963,12970.00999,9683.169365,3146.201622,2921.009827,325.8927163,2086.705599,350.3381065,439.7086779,1418.234719,206.4677846,501.8275606,8540.148695,14867,2899,4263,1869,4087,24258,8400,2723,7528,6079,19116.18982,15483.98377,21185.56084,10083.6411,6691.215601,40587.75502,Australian Labor Party,ALP,Wayne SWAN,ALP,ALP,ALP,ALP,ALP,5.221766848,85,ALP 5.8
391,Longman,160750.6298,81810.00641,78940.62334,1642.176714,1173.234877,1514.364859,1376.310135,2456.938397,2511.306695,3855.9475,3787.654459,4729.425245,4533.788992,4796.199471,4381.412702,4960.747923,4668.773009,5170.196031,4791.479969,5438.907542,5012.539244,5121.819741,4830.945171,4847.93718,4426.849379,5167.026092,4781.046627,5283.737603,5109.038635,5261.364753,5102.640699,5225.677217,5464.94062,5419.300927,5515.451443,5792.573433,6059.05917,5125.665785,5414.151522,165013.0267,185034.5031,208779.0227,241379.443,275486.1338,312737.7231,3448.558667,2074.49484,5939.539244,4304.61339,7974.360202,5993.128765,7443.996455,4632.713734,7241.766129,4169.220006,6339.80831,4755.526701,5268.778672,6046.97592,4211.363642,6375.449114,2310.997672,4147.727389,1720.838053,3274.651019,843.222334,2156.562107,723.9042075,2745.348876,330.836941,1118.410479,389.1299815,395.611167,7001.511829,1249.469754,659.8665785,510.573538,816.2770575,447.410479,927.1892565,3218.856259,1404.457211,1293.913311,193.724054,402.523366,1738.424134,1993.353427,106.912199,674.548452,4627.083144,3044.36253,866.3933845,1086.774226,7148.591639,5785.950834,84315.44653,80685.22652,3859.851707,2472.524478,1404.795872,3494.064938,3670.972586,4035.014766,4334.763906,18406.21635,17848.28706,5709.644139,5740.593967,30269,25708,961.6282615,459.673882,6684.322573,4143.948611,5668.405822,3149.801535,847.7536915,697.385393,247.2679545,2591.7457,403.1299815,438.1676105,1269.515375,319.1676105,524.560995,4084.840276,21061,6549,6886,2199,6610,38683,16199,2032,13784,11141,19542.68833,15731.65658,18198.51384,1467.104896,6152.057953,46775.64573,Australian Labor Party,ALP,Susan LAMB,ALP,LNP,LNQ,ALP,LP,8.478389113,81,ALP 0.8
405,Maranoa,151498.3103,75262.89823,76235.41207,1873.658105,1254.039857,1732.288297,1632.30448,2605.601548,2721.317118,3658.755105,3940.748846,4462.784212,5012.025104,4889.14224,5011.603544,5251.677156,5230.138322,5125.512637,5016.0804,5027.744586,4790.569241,4503.975005,4444.453406,4199.224902,3938.355489,4384.479776,4093.522472,4383.537942,4407.404233,3753.941023,4084.192418,4247.330307,4794.829693,4960.843052,5296.291216,5295.915354,5572.648874,4906.486989,4994.887361,151951.1187,151201.5944,153845.7743,156646.0799,159074.595,160866.2584,2865.317994,1846.923612,5339.238218,4021.353279,7308.104954,5897.638939,7177.051426,5105.057917,6325.359831,4043.480428,5491.4207,4645.012115,4360.86794,5726.749265,3660.770701,5614.875638,2086.514529,3416.718727,1606.32756,2756.988186,794.4024,1806.612684,856.0801087,2660.295039,529.1840815,1351.653288,207.522408,233.9633083,5534.327384,1004.082432,331.6473727,297.3235106,479.9005591,196.0389906,659.2118886,2141.180653,1189.093369,610.9290288,195.6307491,133.6870181,1672.607418,2298.985676,216.794116,1488.17175,3636.318044,2413.751591,3766.819689,8551.099906,4106.133716,3558.280641,75412.39388,77204.92398,5240.908768,3403.598766,1839.645768,4556.992404,5834.384095,3502.302116,4551.407961,17146.56672,19228.23828,4670.140009,4742.735736,25215,21381,852.4244637,340.6432578,5049.911101,3107.708245,6223.407584,2990.087977,706.073228,549.2216892,46.5012842,4518.556638,372.6412943,324.5171558,593.5740297,96.056269,427.9866894,2289.190103,19553,5124,7315,1341,5449,35774,10295,2842,11368,8685,14894.84634,20037.83383,17199.30491,1587.011118,1830.513032,49689.2895,Liberal National Party,LNP,David LITTLEPROUD,LNP,LNP,LNQ,NP,NP,5.444905677,83,LNP 17.5
430,McPherson,159534.8175,82476.79302,77058.02449,2488.984817,1548.619686,1882.294886,1546.636226,2541.099345,2365.104811,3629.717462,3328.321805,4344.153613,4174.706769,4812.355562,4230.834196,5381.498034,4697.334283,5357.60182,4778.098669,6018.953606,5371.6493,5711.016453,5250.106349,5555.369089,4975.132409,5474.399038,5020.761921,5233.126035,4965.953531,5023.717554,4956.009804,4865.011878,5007.750345,4623.884955,5088.548412,4961.606841,4995.377883,4572.002035,4757.078093,157397.2917,166550.0579,175566.7312,184303.5899,194588.9685,202858.4875,3253.301311,2018.6047,4918.799301,3213.345,6161.211952,4434.337189,6987.99699,4063.178038,6735.546414,3916.210472,6105.764036,4363.985338,5736.867466,5531.610268,4948.820737,5844.440911,2928.491427,4152.104458,2412.157674,3676.605279,1318.03507,2522.22427,1406.965708,3525.623494,666.6835063,2198.613758,945.3976886,1105.288412,7415.250771,2098.548509,1105.802965,986.7403003,1010.780819,836.8604274,691.8253338,1739.983817,2225.80399,2449.992207,537.1756496,686.8428806,1392.528262,1819.252509,61.7334462,446.4752408,4869.119057,3287.812232,119.6540606,202.182569,3556.26801,4446.525365,90167.48586,87236.38037,5526.846674,3359.901683,2154.973611,2180.774684,1929.285687,3290.798904,3117.763406,15529.88865,13822.19083,5615.44783,5285.713599,36565,32170,1392.564627,691.7426205,7935.038468,5100.894962,9824.446709,6804.245031,2232.240388,1986.771439,406.77939,2942.057712,227.5690271,545.3782672,2175.310979,423.07894,771.5322576,7428.127398,17614,3593,3875,2036,4277,27393,10133,2634,9698,7516,19008.63272,16411.28382,17674.29711,9964.418333,12309.1106,32238.80915,Liberal National Party,LNP,Karen ANDREWS,LNP,LNP,LNQ,LP,LP,3.944069168,85,LNP 11.6
444,Moncrieff,177252.3118,90272.83473,86979.47703,2621.095351,1570.677433,1957.471835,1783.450428,2983.457078,2741.094894,4216.312493,3956.354719,4825.766003,4777.796705,5143.478489,4740.37465,5680.139666,5102.866898,5730.485126,5393.283624,6074.079597,5662.538225,5591.084241,5743.197184,5772.533591,5946.68409,6785.19274,6772.550331,7869.332556,7708.545889,7620.615619,6961.01377,4771.018607,4950.693265,4185.250681,4298.245757,4224.178795,4414.603328,4221.342261,4455.505837,174040.6228,192850.8368,211491.7692,231662.9992,253658.8104,278667.7564,2985.915743,1987.758448,5422.885401,3888.785983,6784.73285,5177.365831,7606.255377,5062.728195,7529.036997,4945.680597,6970.399465,5419.893336,6253.159851,6596.032016,5272.802254,6755.400065,3111.127856,4303.15031,2410.64493,3656.778416,1393.068103,2433.684083,1577.966122,3474.893928,988.6753137,2792.464938,1220.521204,1401.984667,7177.022592,2372.654664,1369.717417,1384.246391,1121.263467,1031.152932,679.912692,2112.263491,2361.65738,2655.626174,537.3485898,698.682155,1333.843559,1764.746535,66.2970442,357.4673786,4934.638417,3672.107681,110.793668,207.8301316,3549.951674,4571.110504,86414.63203,83516.08433,5686.151651,3543.490629,2131.977148,2553.203651,2298.066184,3445.791632,3407.852774,15590.15247,14178.90011,6119.868467,6092.620682,44143,41081,1335.625632,789.9956615,8653.199428,5908.395843,11339.8545,8749.79121,2613.577877,2509.548619,394.245874,2524.178762,251.1972857,710.096556,2640.379327,554.2005306,767.2409036,14373.33957,18425,3479,4655,2244,5653,29760,13740,2868,8942,7158,18131.15925,16722.13652,26264.53355,22383.96038,12217.1782,28370.58632,Liberal National Party,LNP,Steven CIOBO,LNP,LNP,LNQ,LP,LP,4.108044657,69,LNP 14.5
460,Moreton,172626.3905,86618.82982,86007.5607,1953.06806,1147.76723,1521.116285,1083.956327,1934.48584,1799.796552,2685.521083,2468.886147,3399.249449,3147.464888,3929.838411,3657.726813,4514.510481,4406.946895,4934.080792,4615.957022,5445.617905,5378.4475,5550.615001,5702.584858,6407.827577,6470.281929,7592.798865,7726.168268,8461.178412,8981.810896,8277.260791,8701.397994,4981.097277,5228.799884,4452.09198,4609.057023,5150.073869,5232.361932,5428.397746,5648.148544,169978.157,177295.8599,184301.888,188752.396,193558.2872,198285.4505,3597.186633,2448.162685,5481.190774,4308.22635,5664.717423,4569.01614,5876.593105,4165.322712,5508.278033,4248.845692,4859.297019,4629.526629,5106.552045,5573.915459,5279.506831,5890.020099,3567.026887,4196.467287,3192.687229,3670.654509,1807.816694,2756.634137,2301.61202,4534.401615,1072.324143,3141.404062,552.5940521,597.0416689,7763.664778,3017.724258,830.9525259,861.0313597,1217.92906,1293.226602,717.5895821,2888.500664,2992.334738,4155.572866,456.6669932,682.1167784,2504.790291,2564.073737,206.8896487,465.6036316,3490.416048,3365.82325,133.2872294,239.8082212,6221.980516,6140.531433,97221.54152,95798.10412,4033.536535,2459.079168,1560.328504,2958.528655,2263.358981,1852.566319,1857.397571,8773.688415,7974.027891,2886.759043,3409.376252,49061,48320,2183.18793,1280.391583,6298.992015,5491.203405,15974.46435,13671.07345,5680.499696,6136.903188,257.2291048,2542.854358,218.9400509,457.6172001,1178.590699,159.2215796,486.1440988,19705.40586,11223,2582,3679,3047,4229,19463,8667,2710,8385,6629,17534.17876,15967.16831,19341.92467,6089.679644,7573.002078,40497.79381,Australian Labor Party,ALP,Graham PERRETT,ALP,ALP,ALP,ALP,LP,6.399796196,78,ALP 4.0
480,Oxley,178257.3824,88856.43482,89400.9476,1174.941838,722.5142845,1102.337782,779.4188343,1573.671929,1453.823625,2422.144069,2289.378743,3249.259752,3034.867445,3810.337847,3753.018694,4764.799558,4798.588902,5340.771512,5226.448084,6106.03355,6062.143886,6231.670732,6273.81922,6642.41072,6852.07533,7437.650546,7112.649037,6929.859637,6855.258363,6183.128943,6732.709897,5999.070358,6384.138462,5989.194261,6353.108946,6806.061829,7285.220644,7093.089957,7431.765206,173750.7346,195149.3183,219120.8403,252069.4869,283069.58,308687.7808,3382.426923,2195.805199,5525.019985,3929.242649,5668.489331,3843.15307,5723.982677,3220.076278,5698.866682,3293.369022,5741.508906,4484.188804,5665.290622,6110.096038,5154.876174,6455.11921,3303.108736,4583.105811,2656.060409,3932.72847,1435.584113,2657.342218,1446.109129,3921.457869,515.9701858,1775.818444,372.1389979,429.6681965,7584.282757,2051.071955,729.5578261,612.53807,1316.295361,914.1626958,968.7554738,3563.245559,2091.97237,2686.079053,392.0283003,542.3024717,2328.869387,2903.068058,184.1930134,526.0480833,3988.158509,3275.310303,169.2525531,229.8190865,7060.161162,6160.325491,92393.77825,88351.66582,3408.537526,1972.565568,1426.479794,2933.194931,2385.727784,2528.793445,2499.477135,11656.49946,11068.26897,4693.905594,4913.535016,42013,39031,1361.000363,787.5444208,6692.533704,4912.112939,9938.158337,7477.829118,2543.332745,2817.952791,328.2164809,2893.024399,321.9088964,588.9671055,1117.580997,207.6033052,525.1832726,9982.86576,11604,4180,5062,2523,6165,25008,11276,1315,14484,11707,20342.21782,11562.27969,18725.18738,588.0499259,4901.165783,46307.09727,Australian Labor Party,ALP,Milton DICK,ALP,ALP,ALP,ALP,ALP,7.64138159,73,ALP 9.1
500,Petrie,173274.5018,89056.00155,84218.50027,2621.128232,1458.266825,2135.454916,1612.080352,2855.508094,2339.977099,3883.643858,3494.600091,4696.672471,4139.789652,4753.757781,4219.318174,5205.11321,4807.441867,5609.32974,5227.176109,6094.465258,5860.93201,6079.686926,5749.461336,6036.532414,5664.842936,6148.887959,5567.509032,5522.460826,5145.889814,5067.50113,5359.229975,5200.295157,5493.789545,5398.544526,5833.423172,5982.874227,6214.718795,5764.144823,6030.053487,168387.1143,186184.5523,201304.3484,215054.4756,225191.5089,234702.4217,3314.469427,1948.860338,4994.433149,3480.501418,6867.183926,4773.633226,7531.415647,4265.630709,6990.525611,3872.169381,6391.261032,4627.033729,5980.478194,5896.974629,5333.176117,6680.721275,3323.093879,4529.377848,2579.924896,3888.534349,1333.049809,2645.902644,1445.825352,3988.007724,503.2777618,1889.774563,496.392825,504.2510764,8534.31062,2172.125223,784.8886129,609.9163415,1186.725802,873.2358876,1341.52772,3723.149024,1904.272928,2129.46793,342.4059538,593.0135046,2256.21066,2723.200286,151.4407608,585.1226573,4391.492022,3283.107596,115.2006912,181.5715952,5772.396263,4634.786896,84377.0153,79994.29759,3541.063172,2111.153087,1430.219919,3529.600785,2956.938767,3445.883689,3302.429077,16411.2726,14618.5115,5306.79793,5185.014564,41890,37374,1343.168766,765.2905909,7535.343414,5211.330346,9237.336644,5930.625461,1792.892503,1819.398109,356.9133265,1518.439527,417.2429956,526.8465415,1664.454649,277.8001596,602.4413918,7484.862005,19191,4784,5884,1935,5633,33368,14318,2360,12723,10323,19645.92489,16224.07965,20966.53512,5442.149934,7358.814841,45742.55881,Liberal National Party,LNP,Luke HOWARTH,LNP,LNP,ALP,ALP,LP,6.841195132,73,LNP 1.7
514,Rankin,188416.9104,94461.07725,93955.8332,1098.199334,642.1899674,941.440686,804.1356656,1599.989461,1581.553572,2606.73897,2789.129553,3903.777792,3719.418732,4556.128127,4289.535411,5294.123929,4851.668683,5462.468438,5157.631343,6205.213512,5737.260623,6300.452985,6132.349212,6934.15239,6988.888621,7803.98897,7405.373096,7435.886184,7376.545965,6636.501427,7077.656449,6351.949119,6828.006186,6538.767001,6870.416269,7344.173517,7676.913651,7447.125403,8027.160205,185929.0401,192447.5042,197838.034,202461.2344,207869.9045,211519.5316,3598.410765,2326.526847,6192.535116,4567.481101,6556.433855,4709.574007,6617.982142,4059.436309,6608.528413,3981.213943,6727.460808,5696.237691,6257.169353,7515.745443,5341.896251,7555.545864,3045.461787,4990.812973,2167.678362,3706.332174,1132.888859,2395.507498,1042.3726,2871.444462,339.8288748,1091.582953,425.0383424,429.8090038,7709.605831,2057.93376,724.2084388,734.0559286,1277.158192,795.3112168,1276.926316,4658.709571,1905.980103,2195.683303,366.7371158,523.929368,2053.488766,2094.02718,106.4312102,359.3985498,4512.929173,3688.438232,212.4651266,279.3266618,6218.163838,5261.078976,93841.87628,82528.35615,3859.618209,2485.574185,1377.006053,3449.745529,3121.07676,3128.235214,3331.123069,14022.00184,13619.9154,5289.030509,5418.487786,39894,37301,1105.312473,581.1198498,6863.291487,4874.346329,9239.256542,6900.810318,2529.757728,2564.814686,144.5013278,1827.352982,254.1303544,431.163647,907.7854484,192.7923028,379.926198,12962.91774,13440,4720,6127,2792,7475,29292,14335,1097,17668,14280,21990.83463,12547.1198,19892.01793,1151.590869,8055.246282,46523.85408,Australian Labor Party,ALP,Jim CHALMERS,ALP,ALP,ALP,ALP,ALP,6.626214314,74,ALP 11.3
531,Ryan,163183.4759,83055.99671,80127.47921,1898.796677,998.5406335,1406.277022,1040.546627,1898.411671,1837.864623,2901.223418,2618.37621,3461.451556,3213.763598,3812.30182,3433.643419,4343.612727,4055.391988,4891.913419,4575.820002,5715.001325,5414.036721,5851.029379,5338.823825,5454.254439,5152.407652,5274.264059,5177.727861,6274.061272,6408.357673,9538.201989,9241.984685,6174.962869,6167.364098,4669.773018,5426.013286,5003.754501,5457.566212,4486.705549,4569.250096,161206.5243,167608.7349,171361.4005,176065.3703,182641.0074,189524.053,3968.436059,2567.65945,4861.103869,3395.795018,4269.631107,3036.945896,4723.876084,2885.616773,5086.35435,3256.483099,4314.97534,3027.203581,4729.278847,3704.19782,5183.743658,4709.008979,3987.716872,3945.325003,3724.488339,3985.794366,2416.328056,3150.7027,3399.883647,6487.732399,1883.346083,6508.864616,697.7726994,733.9499389,7493.266072,2698.298393,768.9965627,881.3513214,1417.376301,1705.193207,597.134985,1642.227805,4031.49577,6219.54475,560.2886981,825.4952931,2744.843606,3902.711786,339.9792846,933.9403399,3385.213716,2710.892845,126.8129492,208.5590399,4799.520686,4338.755601,86557.22641,88661.2088,3938.49561,2114.924586,1803.17515,1309.448024,826.5036996,1392.04553,1298.233448,7693.675525,6041.543545,3052.084549,3017.227822,55559,52673,2856.56429,1693.684726,6192.531301,5120.532663,17921.95592,15151.77168,6452.777558,7609.127799,557.4962432,2192.310277,446.0004933,646.4091599,1707.752947,181.8320503,684.7127612,15166.69369,8762,2005,2004,2877,2088,13522,5595,3937,4739,3731,18088.11284,16459.51837,17105.49993,12153.13732,2629.352272,38104.68721,Liberal National Party,LNP,Jane PRENTICE,LNP,LNP,LNQ,LP,LP,5.544910443,76,LNP 8.8
553,Wide Bay,147408.8904,74100.45355,73308.43689,2015.02316,1442.073199,1930.943324,1810.196574,3044.24212,3199.025407,4590.509383,4989.933876,5611.015981,5758.691287,5826.755759,5629.135772,6041.505918,5587.033972,5517.621128,4911.297673,5228.245273,4849.994722,4426.840056,4236.415693,3833.425145,3494.542371,3473.279229,3194.373634,3035.927953,3201.325462,2940.111462,3297.611559,4113.306224,4526.8916,4581.417925,4885.741441,4268.493753,4546.591338,3621.789759,3747.561316,145892.2823,151105.1262,157284.2845,162541.9084,167053.6451,170919.7605,2965.379997,1928.554791,5757.320485,4702.165694,8375.545455,7023.775882,8064.427634,5701.516146,6638.189037,4382.228681,5294.150685,4496.803608,4111.740514,4730.743456,3165.182114,4604.782341,1723.093444,2894.372531,1490.504106,2414.743767,741.8557306,1542.4338,766.3705656,2037.515438,512.8305714,1379.687158,318.1881952,352.5380731,5554.42923,1391.566303,593.9944973,482.5910288,430.2418977,301.4013573,424.2358284,1701.257914,1293.806866,1081.198726,215.9906764,261.8543847,1160.199816,1451.923988,75.6068829,780.461255,3590.460875,2331.39038,889.5898668,1783.841434,5223.967488,4778.108335,65175.03871,63826.74502,5038.575555,3056.435285,1957.817908,3713.24255,4128.006625,3704.173474,4345.952643,17990.72663,17181.87976,5416.861624,5145.952001,28159,24197,1109.932674,546.1213535,6208.959433,3795.517799,6278.52535,3901.33264,1037.975194,1017.285938,192.0863968,2234.845395,431.3335373,436.3277378,1806.303764,270.9322993,751.9326891,2639.32409,23180,6260,8906,1819,7134,42521,12407,3208,10922,8573,16483.43281,21370.44688,14210.293,2276.168785,3939.645751,46769.18398,Liberal National Party,LNP,Llew O'BRIEN,LNP,LNP,LNQ,NP,NP,8.015288663,73,LNP 8.3
570,Wright,165407.6926,82751.05308,82656.63953,1297.375516,945.7618466,1246.556693,1165.871155,2004.161856,2098.619057,3223.59953,3552.656666,4210.750859,4405.740953,4660.828575,4591.35257,5406.604053,5446.628009,5891.343393,5678.832419,6338.836555,6033.219496,5840.266484,5585.238527,5186.767452,4895.184804,4955.180867,4728.446119,4796.947153,4679.501822,5044.185179,4988.362328,5636.26679,5885.173721,6066.481494,6343.276787,5936.256003,6267.226391,5008.644628,5365.546857,160703.4846,193140.7733,235866.4641,279282.081,326977.4347,372360.6507,3340.645732,1943.885554,5280.802659,3737.705778,6708.555688,5017.219601,6675.469273,4224.578227,6477.292063,3692.003434,6071.23026,4485.312496,5038.962131,5764.187893,4248.764294,6455.364046,2468.518835,4414.940457,1972.142138,3783.501091,963.6875458,2356.998018,1030.948829,3081.955613,431.5834884,1371.721966,569.1128176,540.6124236,6120.400363,1238.798486,674.6848982,519.6475048,813.7030086,381.251871,975.004171,3194.799783,1847.808724,1406.834382,287.1424458,424.7973712,1707.37096,2131.314601,111.0433396,649.6544262,4038.313259,2695.661065,1495.166311,2596.113018,4353.821506,4124.598487,86357.9519,77761.17674,5287.500212,3293.299283,1997.086782,3187.355969,3622.597854,3246.519828,4144.378274,16235.11759,17147.54299,5152.252903,5353.953581,42577,35848,1083.870604,477.8162586,6624.716429,3947.951894,6756.773042,3720.117269,1226.437281,1058.472674,140.6368504,1683.874891,319.98088,305.8307474,1072.108779,209.6943764,481.264782,3551.116798,15668,4987,5160,1898,4757,28408,9507,1963,11706,8943,22918.35077,14839.10815,11135.43454,609.622762,2327.581985,46867.94565,Liberal National Party,LNP,Scott BUCHHOLZ,LNP,LNP,LNQ,Electorate not established in 2007,Electorate not established in 2004,5.041598845,74,LNP 9.6
